id,manufacturer,product_name,product_description
AMZ83BV4760,My Little Pony,My Little Pony Cutie Mark Magic Sunset Shimmer Figure,There are lots of My Little Pony Friends for you to collect Sunset Shimmer figure comes with necklace with a charm
AMZ93BV3045,The House of Puzzles,1000 Piece Jigsaw Puzzle Tow Path NEW JULY 2015,The House of Puzzles is a British designer and manufacturer of high quality jigsaw puzzles. 
AMZ89BV7586,The House of Puzzles,1000 Piece DeLuxe Jigsaw Puzzle Golden Oldies,House of Puzzles Golden Oldies Saltburn Collection 1000 Pieces
AMZ50BV5779,Anthony Peters,Paper Face Shapes Pack of 50,Anthony Peters
AMZ91BV5488,Anthony Peters,Texture Wands Set 2 4,This is Set 2 of Texture Wands
AMZ34BV6161,Disney Frozen,Ravensburger Disney Frozen 3x49 piece Jigsaw Puzzle,Three bright and colourful Disney Frozen jigsaw puzzles for fans everywhere to enjoy
AMZ51BV3137,Power Rangers,Power Rangers Mega Force Happy Birthday Party Banner,Power Rangers Mega Force Happy Birthday Party Banner
AMZ45BV3473,Dapol,Dapol Model Railway Signal Gantry Plastic Kit OO Scale 176,Dapol OO Gauge 1:76 Plastic Model Kit Signal Gantry PLEASE NOTE THAT THIS IS A PLASTIC MODEL KIT
AMZ79BV2915,FANCYDRESSCOZ,Happy 1st Birthday Banner 9FT Long boy new s,9 FT LONG
AMZ75BV0342,FANCYDRESSCOZ,sorry youre leaving Banner 9FT Long new s,9 FT LONG
AMZ20BV8266,Disney Princess,2.3m Disney Cinderella Bunting Flags,As one of Amscan Internationals most popular lines you can rest assured the product will be of high quality
AMZ94BV5209,Moshi Monsters,Moshi Monsters Moshling Collectable Figures Styles May Vary,Collect your favourite Moshling characters. Includes 5 different Moshlings
AMZ04BV5361,Mega Bloks,Mega Bloks Halo UNSC Victor Squad,Dare to go where no other squad goes? Infiltrate the Covenant camps with UNSC Victor Squad by Mega Bloks Halo 
AMZ93BV3160,Mega Bloks,Mega Bloks Thomas & Friends Percy,Your little engine driver will have lots of brave and bold adventures with the buildable Percy by Mega Bloks Thomas & Friends. 
AMZ38BV9025,Peppa Pig,Peppa Pig Set of Four Cute Plush Family Members,Peppa Pig and Family Soft Plush Toys Four Soft Toys In Total Made from the best quality materials 
AMZ83BV5527,Peppa Pig,Peppa Pig Hopscotch Handbag,This Peppa pig Hopscotch designed handbag comes in a bold pink and features Peppa pig on the side.
AMZ76BV3067,Peppa Pig,Peppa Pig Dominoes Game,There are 28 dominoes featuring all your favourite Peppa Pig characters. 
AMZ23BV2742,Manhattan Toy,Manhattan Toy Lavish Lanky Cats Shadow Plush Toy,Big
AMZ82BV5376,Manhattan Toy,Manhattan Toy Groovy Girls Brenna Doll,Brenna is a chic fashion doll from The Manhattan Toy Companys Groovy Girls range. 100% soft
AMZ25BV7867,Dr Who,Doctor Who Tardis Stress Toy,Whenever you are stressed
AMZ22BV2730,Dr Who,Doctor Who Tardis Bigger on the Inside Welcome Mat,Doctor Who is a British sciencefiction television programme produced by the BBC. The programme depicts the adventures of the Doctor
AMZ84BV5267,Bachmann,Bachmann 31169 L&YR 242 Tank 50795 BR Lined Black Early Emblem,Suitable for the following scales: OO Scale
AMZ36BV7570,Bachmann,Garden Scale Thomas The Tank Engine moving eyes,Bachmann Thomas & Friends Large Scale Deluxe Thomas The Tank Engine G Scale Thomas & Friends appeared in a series of childrens books in the 1940s
AMZ95BV7979,Galt Toys,Galt Toys by Winther Safety Scooter,This robust and durable pushalong scooter is very stable to ride for the smallest children. 
AMZ52BV1296,Galt Toys,Galt Toys Chunky Pens Washable,Chunky colouring pens for the young artist. Bright and colourful with washable inks.
AMZ92BV2005,Galt Toys,Galt Toys Brilliant Hair Bands,Make eight cool hair braids by plaiting together colourful fabric strips with flowers and beads. 
AMZ46BV7485,Galt Toys,Galt Toys Ants in your Pants Game,Match the colour spot on the dice with the colour of the pants and count the ants in your pants before the anteater gobbles them up. 
AMZ38BV2950,Trumpeter,Trumpeter 1:35 Flak 18 88mm Selbstfahrlafette,Trumpeter 1:35 Flak 18 88mm Selbstfahrlafette TRU01585
AMZ53BV1739,Safari,Safari 261229 Mouse Animal Figure,This is the Mouse by Safari
AMZ89BV4260,My Little Pony,My Little Pony Rainbow Shimmer Princess Luna Pony Figure,Your pony adventures are about to be rainbowfied 
AMZ48BV1592,Airfix,Airfix 1:72 WWII Bomber ReSupply Dioramas and Buildings Model Set,Airfix 1:72 As the air war over occupied Europe progressed developed
AMZ53BV6387,Learning Resources,Hot Dots¬Æ Math Flash Cards: Division facts 09,Use like regular teacher or parentdirected flash cards
AMZ29BV5477,Learning Resources,Mental Blox Critical Thinking Game,A critical thinking challenge that the whole family can enjoy. 
AMZ02BV8347,VTech,Switch and Go Dinos R C Bronco The Triceratops,Bronco the RC Triceratops is a large scale dinosaur that transforms from dinosaur to race car 
AMZ64BV4458,VTech,Vtech Storio V.Reader Animated EBook Reader Penguins,When Kowalski invents a helmet that can magically turn his thoughts into concrete actions
AMZ25BV3504,VTech,VTech InnoTab Software: Hello Kitty A Day with Hello Kitty and Friends,Come spend a day with Hello Kitty and her friends in this educational software title for VTechs InnoTab systems. 
AMZ57BV1561,VTech,VTech Storio Software: Hello Kitty Hello Kittys Surprise,Kitty is planning a surprise birthday party for her sister Mimmy; join her and her friends to find out more.
AMZ87BV3018,Expression Factory,Pack Of 10 Pink Happy 21st Birthday Latex Balloons,This Item Is Brand New In Pack. These Balloons Are Not suitable To Be Filled With Helium.
AMZ58BV1286,Expression Factory,Pack of 8 Birthday Girl Latex Party Balloons Air or Helium Fill,Pack of 8 Birthday Girl Latex Party Balloons. 
AMZ14BV4735,Expression Factory,Hen Party Banner 2.6m long,Hen Night Party Foil Banner The complete length of this banner is : 2.6 
AMZ82BV5807,Anthony Peters,Easy Grip Crayons 6,Anthony Peters
AMZ14BV3202,Anthony Peters,24 Plain Animal Card Craft Templates,Anthony Peters
AMZ48BV5925,Anthony Peters,Red Art and Craft Glitter 100g Tub,A Glitter Tub containing 100g 3.5 oz. of Red glitter. Anthony Peters
AMZ06BV9630,Anthony Peters,Red Art and Craft Glitter 400g Tub,Anthony Peters
AMZ61BV5299,Anthony Peters,Young Gardener childrens Ladybird My Garden Sign,Wooden garden sign with ladybird design.Approx size 450mm X 95mm. 
AMZ20BV1090,Good Smile Company,Nendoroid Sherlock Shellingford PVC Figure Good Smile Company,Tantei Opera Milky Holmes: Sherlock Shellinford Nendoroid Action Figure
AMZ55BV2172,Minichamps,Minichamps 640066430,Die cast 164th scale model
AMZ43BV1183,Minichamps,Ford Focus ST 2009 in Red 1:43 scale Diecast Model Car,Ford Focus ST in Colorado Red 2008 by Minichamps 1:43 Scale 
AMZ82BV5324,Disney Frozen,Promo World Europe from Frozen Anna Figurine,Your little one will love this detailed figurine of their favourite Disney character 
AMZ60BV0008,Power Rangers,Power Rangers Super Megaforce Q Rex Megazord,Evil does not stand a chance when the Silver Ranger calls upon his personal Megaspore
AMZ60BV1838,Dapol,Dapol Model Railway Stanier 57ft NonCorridor Coach OO Gauge Plastic Kit,Dapol OO Gauge Stanier 57ft non corridor coach in BR Carmine Red Livery
AMZ14BV1712,Dapol,Model Railway OO HO Scale C83 Battle Of Britain Class 257 Squadron Locomotive Plastic Kit,Dapol OO Gauge 1:76 Scale Plastic Model Kit 
AMZ09BV9249,Dapol,Model Railway OO HO Scale C88 Schools Class Kings Wimbledon Locomotive Plastic Kit,Dapol OO Gauge 1:76 Plastic Model Kit Schools Class Steam Locomotive Kings Wimbledon.
AMZ15BV5630,Dapol,Dapol New Gwr Home Semaphore Working Signal Lower Quadrant Oosign1 Oo Gauge,Suitable for the following scales: OO Scale
AMZ13BV8483,FANCYDRESSCOZ,50TH Birthday Hanging Decoration UNIQUE NEW BLACK,12FT LONG CAN BE SPLIT IN TO THREE BANNERS
AMZ60BV3006,Disney Princess,Amscan Disney Princess Summer Palace Pennant Banner,As one of Amscan Internationals most popular lines you can rest assured the product will be of high quality
AMZ07BV7668,Disney Princess,Disney Favorite Fairytale Wedding Gift Set,Disney Princess Fairytale Wedding gift set. Play out your favorite fairytale endings with Ariel and Prince Eric
AMZ61BV0013,Moshi Monsters,Moshi Monsters Back Pack Buddy Wurley,Moshi Monsters Backpack Buddy Series 2 WURLEY
AMZ31BV2521,Mega Bloks,Mega Bloks Halo Buildable EVAs Last Stand,Evas Last Stand adds a battle torn backdrop to any Halo Wars Mega Bloks collection. 
AMZ48BV1318,Mega Bloks,Mega Bloks CAT Large Vehicle Dump Truck,Get to work with this Cat¬Æ Large Vehicle Dump Truck by Mega Bloks
AMZ83BV3607,Mega Bloks,Mega Bloks Call of Duty Motorbike Breakout Collector Construction Set,Build the Call of Duty Motorbike Breakout Collector Construction Set by Mega Bloks. 
AMZ17BV4290,Manhattan Toy,Automoblox C9P Sports Car Pink,A reinvention of a classic wooden toy car for the iPod age
AMZ91BV9013,Manhattan Toy,Manhattan Toy Groovy Girls Special Edition Katrina Fashion Doll,Groovy Girl Special Edition Katrina features colourful highlighted hair
AMZ07BV7859,Disney Junior,Jake And The Neverland Pirates Captain Jake Mighty Colossus High Seas Adventure,Join Captain Jake as he sails the Never Sea in search of Lord Fathom and climb aboard his new ship
AMZ00BV5458,Disney Junior,Jake and The Never Land Pirates Skull Island,The Skull Island playset. view larger Jake and the Never Land Pirates
AMZ11BV3296,Disney Junior,Disney Jake Figurine,BUL12892 A playful figurine for children to recreate the story of Jake and the Never Land Pirates. 
AMZ14BV0435,Dr Who,Doctor Who Wave 2 Action Figure Zygon,New Doctor Who action figures for 2014 A great gift for fans of any age
AMZ56BV4995,Dr Who,Doctor Who Special 50th Anniversary Edition The Doctors 500 Piece Puzzle,500 piece puzzle Puzzle size: 48 x 35 cm
AMZ14BV1259,Bachmann,Bachmann 32882 Fairburn 264 Tank 42062 BR Lined Black Late Crest,Suitable for the following scales: OO ScaleDetails:DCC Type: 8 Pin DCC ReadyLivery: 
AMZ75BV5977,Bachmann,Class A1 60163 Tornado BR Lined Brunswick Green,Bachmann Class A1 60163 Tornado BR Lined Brunswick Green
AMZ16BV7590,Galt Toys,Galt Toys Nail Designer Set,An exciting collection of seven colours to varnish your nails and two nail pens to create amazing designs. 
AMZ67BV2801,Trumpeter,Trumpeter 07105 Challenger 1 MBT Desert 1:72 Plastic Kit,Trumpeter British Challenger I MBT Desert Version Plastic Model Kit 1:72 
AMZ22BV5398,Fiesta,Fiesta Crafts King Hand Puppet,Stories can be made up
AMZ74BV8513,Fiesta,Fiesta Crafts Dinosaur Hand Puppet Green,This bright
AMZ79BV0881,Safari,Safari Ltd MR Pegasus,A son of Poseidon
AMZ91BV9072,Safari,The Megalodon by Safari,Known to be the largest prehistoric shark that ever lived
AMZ39BV2126,Airfix,Airfix A02320 Sherman Crab Tank 1:76 Scale Series 2 Plastic Model Kit,The Sherman Crab was designed to clear mines and barbed wire in advance of infantry. 
AMZ59BV4555,Airfix,Airfix A02322 LWB Landrover Soft Top and GS Trailer 1:76 Scale Series 2 Plastic Model Kit,The longwheel base Landrover is used extensively as an allpurpose cross country vehicle by the British Army amongst many others. 
AMZ24BV3509,The House of Puzzles,1000 Piece Jigsaw Puzzle Singing and Ringing No.7 From The Find the Differences Collection NEW JULY 2014,1000 Piece Jigsaw Puzzle Singing and Ringing No.7 
AMZ80BV4848,The House of Puzzles,2010 Christmas Edition No.5 500 Piece Jigsaw Puzzle Santas Workshop,The House of Puzzles is a British designer and manufacturer of high quality jigsaw puzzles. 
AMZ80BV8678,Learning Resources,Learning Resources Foam Number Dice,Learning Resources Foam Number Dice. 
AMZ88BV7659,VTech,VTech Switch & Go Dinos: Dart the Triceratops,VTech Switch & Go Dinos: Dart the Triceratops
AMZ48BV4984,VTech,VTech Kidiminiz Interactive Pet Bunny Pink,Cute interactive pets Show the bunny its favourite food and it will follow it around
AMZ42BV5620,VTech,Vtech Electronics V.Smile Motion Software Cars 2 MultiColoured,Lightning McQueen is back and ready to show off his speed as he competes against the world
AMZ08BV4758,Expression Factory,small birthday badge age 12 girl size 5.5cm,small 12th birthday girl badge
AMZ75BV8370,Expression Factory,Balloons 18th Pink Pack of 10 for Party Decoration,This Item Is Brand New In Pack. These Balloons Are Not Suitable to Be Filled With Helium.
AMZ95BV6944,Expression Factory,21st Birthday Party Flag Bunting,This item Is Brand New Pack
AMZ49BV6248,Expression Factory,Happy 90th Birthday Giant Party Wall Banner 3 Banners Age 90 Party Decoration,Ideal for Decorating your Party Venue 
AMZ23BV5845,Anthony Peters,Lower case Alphabet Sponge Painting Set,Anthony Peters
AMZ11BV5012,Good Smile Company,Good Smile Company Virtual Vocalist Gackpoid Nendoroid PVC Action Figure Kamui Gaku,Virtual Vocalist Gackpoid: VOCALOID: Kamui Gakupo Nendoroid Action Figure
AMZ29BV1106,Minichamps,Minichamps Rossi Honda Lemans 2001 Bike 1.12 Scale Limited Edition Diecast Model,GP 500 LeMans 2001
AMZ84BV4604,Disney Frozen,John Adams Disney Frozen My Blopens Set,John Adams 10110 Disney Frozen My Blopens Set
AMZ75BV3010,Disney Frozen,Disney Frozen: 3in1 72 Piece Jigsaw Puzzles in Wooden Case,The Frozen Wood Puzzle Consists of 3 individual puzzles in a wood box.
AMZ14BV0147,Power Rangers,Power Rangers Operation Overdrive Transtek Armour Machine & Figure Black,Power Rangers Operation Overdrive Transtek Armour Machine & Figure Black
AMZ56BV3479,Power Rangers,Power Rangers Dino Charge Deluxe Megazord,The Dino Charge Megazord can morph between 3 Dino Zords to form the massive Megazord
AMZ82BV6603,Power Rangers,Power Rangers Dino Charge Com Charger,The Com attaches to your belt so you can role play like a real Power Ranger
AMZ04BV7380,Power Rangers,Mighty Morphin Power Rangers Legacy Dragon Dagger,Power Rangers Legacy Dragon Dagger based on the orignal Green Ranger 
AMZ42BV0208,Dapol,Dapol 2P000101 Collett BR MaroonCrimson 2nd Class W1117,Suitable for the following scales: N Scale
AMZ46BV9573,Dapol,Vintage dapol Doctor Who Cyberman action figure,Vintage Dapol Cyberman action figure
AMZ27BV5135,Disney Princess,Trefl 3in1 Puzzle Snow White Disney,A three in one puzzle set for children from Trefl. A great way of developing hand eye coordination and problem solving skills
AMZ33BV1706,Moshi Monsters,Official Moshi Monsters Temporary Tattoos Pack 1,Cellophane packed packet of temporary tattoos
AMZ79BV5678,Moshi Monsters,Moshi Monsters Sequin Set,Welcome to Moshi Monsters. A virtual world of monstrous proportions where kids can adopt their own pet monster.
AMZ84BV4605,Mega Bloks,Mega Bloks Call of Duty Sam Turret Collector Construction Set,Build the Call of Duty SAM Turret Collector Construction Set by Mega Bloks. 
AMZ03BV7079,Peppa Pig,Theme Park Figures Peppa Pig And Danny Dog,Peppa Pig: Red Peppa & Danny Dog Figures. This is from the extensive range of Peppa Pig toys
AMZ76BV0042,Peppa Pig,Peppa Pig Shaped Art Case,PVC art case packed with coloring and stationery products. Includes 8 washable coloring pens
AMZ47BV6399,Manhattan Toy,Manhattan Toy Fraggle Rock Hand Puppet Red,For over 25 years Fraggle Rock has entertained fans all around the world with music and humour. 
AMZ64BV5750,Manhattan Toy,Manhattan Toy Groovy Girls Bayani Doll,Bayani is a chic fashion doll from The Manhattan Toy Companys Groovy Girls range. 100% soft
AMZ54BV7109,Disney Junior,Amscan 22inch 55cm Doc McStuffins Supershape Foil Balloon,Disney Doc McStuffins is a lovely character
AMZ06BV6673,Disney Junior,Educa 15190 Mickeys Dream 1000 pieces Disney Family Puzzle,Educa is a leading brand
AMZ99BV0602,Disney Junior,Doc McStuffins Doctors Bag,This pretty Doc Mcstuffins handbag is perfect for those trips to town or for your little one to play dress up.
AMZ62BV5426,Dr Who,Destroyed Lady Cassandra Series 2,Destroyed Lady Cassandra Series 2
AMZ92BV5949,Dr Who,Doctor Who Wave 2 Sonic Screwdriver Fifth Doctor,This is a replica of the Fifth Doctors multipurpose Gallifreyan device
AMZ36BV9571,Dr Who,Dr Who 12.5cm Peg Doll Soldier Series 6 2d with Flesh Sachet,Dr Who Series 6 2d PegDoll Soldier with Flesh Sachet. Highly detailed action figure.
AMZ80BV5701,Bachmann,Bachmann 31588 Freightliner Class 70 005 Powerhaul Diesel Weathered,Suitable for the following scales: OO Scale
AMZ72BV8852,Bachmann,Bachmann 37685 14 Ton Tank Wagon With Large Filler Mex Lamp Oils,Suitable for the following scales: OO Scale
AMZ51BV3319,Galt Toys,Jewellery Making Set,Everything you need to make exciting jewellery with over 800 beads
AMZ28BV9514,Trumpeter,Trumpeter 1:35 B1 Centauro AFV early version 2nd Series with upgraded Armour,Trumpeter B1 Centauro AFV Early Version 2nd Series Upgraded Armour Plastic Kit 1:35 
AMZ59BV9376,Trumpeter,Trumpeter 1:35 Br52 Kriegslocomotive Armoured Steam Loco w Steifrahmentender,Trumpeter 1:35 Br52 Kriegslocomotive Armoured Steam Loco w Steifrahmentender TRU00210
AMZ03BV9855,Fiesta,Fiesta Crafts Pterodactyl Hand Puppet,Nothing sparks a childs imagination more than a traditional puppet
AMZ55BV7682,Fiesta,Big Bad Wolf & 3 Little Pigs Tellatale Hand Puppet,The Big Bad Wolf and 3 little pigs super softfabric hand and finger puppets set is a fabulous way to retell the classic story
AMZ87BV7130,Safari,Safari Ltd. Twilight Dragon,As the sun sets
AMZ37BV2019,Safari,Safari Mega Toobs Dino,The Terrible Lizards are even more terrible when there are twice as many. 
AMZ17BV4353,Safari,Safari LTD Forest Dragon,Even though we now know that what were once thought to be dragon bones turned out to be dinosaur fossils
AMZ84BV1034,Safari,Safari Amargasaurus,With its long tail and extraordinary spine
AMZ92BV4794,My Little Pony,MY LITTLE PONY MY LITTLE PONY PLUSH 10 SWEETIE BELLE 25 cm,Sweetie Belle soft toy
AMZ54BV9703,My Little Pony,My Little Pony Princess Cadance Figure,Princess Cadance Figure
AMZ70BV5290,The House of Puzzles,1000 Piece Jigsaw Puzzle Highland Morning NEW JULY 2015,The House of Puzzles is a British designer and manufacturer of high quality jigsaw puzzles. 
AMZ39BV8247,The House of Puzzles,1000 Piece DeLuxe Jigsaw Puzzle Hide & Seek,The House of Puzzles is a British designer and manufacturer of high quality jigsaw puzzles. 
AMZ51BV4228,The House of Puzzles,Big 250 Piece Jigsaw Puzzle Keeping Busy,House of Puzzles Keeping Busy Rowan Collection 250 Pieces
AMZ31BV3981,The House of Puzzles,Big 250 Piece Jigsaw Puzzle Toy Stories,Big 250 Piece Jigsaw Puzzle Toy Stories
AMZ88BV1375,Learning Resources,DoubleSix Dominoes in a Bucket,Learning Resources DoubleSix Wooden Dominoes. Engage young learners in fun addition
AMZ22BV2530,VTech,VTech Electronics V.Smile Motion Software Cars: Rev It Up in Radiator Springs MultiColoured,After the Piston Cup
AMZ87BV8038,Expression Factory,small birthday badge age 7 girl size 5.5cm,small 7th birthday female badge
AMZ24BV5502,Expression Factory,Just Married Holographic Plastic Banner,9ft long
AMZ20BV1133,Good Smile Company,Puella Magi Madoka Magica: Ultimate Madoka 18 PVC Figure,From the Anime series Puella Magi Madoka Magica comes this great 18scale
AMZ66BV3346,Good Smile Company,Steins;Gate Makise Kurisu White Coat Ver. Nendoroid PVC Figure,Steins;Gate Makise Kurisu White Coat Ver. Nendoroid PVC Figure
AMZ70BV7519,Minichamps,Ford Fiesta RS WRC Ford Abu Dhabi LatvalaAnttila,THE FORD FIESTA RS WRC RALLY CAR OF THE ABU DHABI RACE AS DRIVEN BY LATVALA AND ANTTILA. 
AMZ84BV3740,Minichamps,Minichamps 530054310 Model Car McLaren MP420 Montoya 1:43 Scale,Highly detailed collectible miniature model of a McLaren Mercedes Mp420 MINI CHAMPS 
AMZ76BV2848,Minichamps,Minichamps 122140800,In the early thirties
AMZ66BV2306,Disney Frozen,Frozen Glitter Puzzle 104 Pieces,Frozen 104pc Glitter Puzzle Box Contains 1 x 104 glitter effect puzzle pieces
AMZ38BV0356,Disney Frozen,Cool Create Fun Tiles Frozen Jewellery Box,Create a beautiful keepsake Frozen jewellery box
AMZ40BV8078,Disney Frozen,Frozen Domino Brainteasers,Frozen Domino Box Contains ;Domino Game;
AMZ90BV7763,Power Rangers,Power Rangers Dino Charge Set 4 Dino Charger with Accessory Pack of 2,Included in each pack are two Dino Chargers and one Dino Zord. 
AMZ39BV3665,Dapol,Dapol C102A 57ft Stanier Corridor Brake LMS Maroon Lined 5530 Kit,Suitable for the following scales: OO ScaleThe picture shows a finished model complete with paint
AMZ60BV6474,FANCYDRESSCOZ,4TH Birthday Banner Boy {new BGC},9FT LONG BANNER
AMZ42BV7636,FANCYDRESSCOZ,21ST Birthday Bunting UNIQUE NEW PINK,12FT LONG aprox
AMZ53BV9070,FANCYDRESSCOZ,18TH Birthday Banner Pink flower Girl 9FT Long NEW E,9FT LONG BANNER FOR GIRL
AMZ08BV9655,FANCYDRESSCOZ,Happy 16th Birthday Banner 9FT Long FEMALE new s,9 FT LONG
AMZ23BV7599,Disney Princess,Disney Princess Birthday Candle Number 3,Disney Princess Birthday Candles are a royal way to personalized your little girls birthday party.
AMZ22BV1803,Disney Princess,Disney Princess Ultimate Dream Castle,The Ultimate Dream Castle features three levels and seven play areas
AMZ25BV8838,Moshi Monsters,Moshi Monsters Series 3 Moshling LENNY LARD,Moshi Monsters Series 3 Moshling LENNY LARD
AMZ86BV6615,Moshi Monsters,Moshi Monsters Series 7 Moshling ROARY SCRAWL,Moshi Monsters Series 7 Moshling. Brand New.
AMZ42BV3604,Mega Bloks,Mega Bloks Speed Rally ProBuilder Series Summit Turbo SRA,Manufacturers Description From ice to asphalt Speed Rally Association ProBuilder Series 3724 gives you a flying finish 
AMZ35BV6677,Peppa Pig,Peppa Pig Single Tier Filled Pencil Case,Velcro fastening
AMZ00BV3306,Peppa Pig,Peppa Pig Holiday Time Ice Cream Van,Cute Holiday Ice Cream Van with Tricycle
AMZ04BV1389,Manhattan Toy,Groovy Girl Seraphina,Pretty as a princess Seraphina is ready for the ball and comes complete with a beautiful doublelayered pink gown and bejeweled pink tiara. 
AMZ79BV3879,Disney Junior,Jake and The Never Land Pirates Doubloon Blaster,Creating your own adventures
AMZ16BV0923,Dr Who,Doctor Who Dalek Patrol Ship and Figure,Exterminate Exterminate EXTERMINATE This highly detailed deluxe Dalek battle vehicle features a real working cannon
AMZ62BV7959,Dr Who,Doctor Who Original TARDIS Bobble Head Limited Edition,Entertainment Earth ComicCon Exclusive With this extraordinary TARDIS Bobble Head based on the Classic Series
AMZ19BV0969,Galt Toys,Galt Toys Horrible Histories Awesome Art Set,A cool art set with over 100 pieces to create exciting artwork. Create pictures and posters using the stencils
AMZ08BV3393,Trumpeter,Trumpeter 1:72 Swedish Strv 103C tank TRU07220,Trumpeter Swedish Strv103C MBT STank Plastic Model Kit 1:72 Scale Manufacturers Description: Size of finished model: Length: 120mm
AMZ86BV7006,Trumpeter,Trumpeter 1:35 German WR 360 C12 Locomotive,Trumpeter 1:35 German WR 360 C12 Locomotive TRU00216
AMZ20BV6897,Fiesta,Fiesta Crafts Gingerbread Hand and Finger Puppet Set,Our Gingerbread Man hand puppet will help children and adults retell one of the most classic tales of all time. Ideal for either individual or role play
AMZ72BV4071,Fiesta,Fiesta Crafts Red Riding Hood Hand and Finger Puppet Set,Imaginative play knows no bounds as this super soft hand puppet and finger puppet set
AMZ45BV9571,Fiesta,Fiesta Crafts Jack and the Beanstalk Hand and Finger Puppet Set,Imaginative play knows no bounds as Jack steals the giant
AMZ73BV6654,Fiesta,fiesta Crafts Stripes Pirate Hand Puppet,Hop on board for an adventure like no other.
AMZ41BV5123,Fiesta,Fiesta Crafts White Girl Moving Mouth Hand Puppet,These embroidered puppets make the ideal friends and with their soft
AMZ21BV8553,Fiesta,Fiesta Crafts Wizard Of Oz Hand and Finger Puppet Set,Imaginative play knows no bounds as this super soft hand puppet and finger puppet set
AMZ52BV8018,Fiesta,Fiesta Crafts Cinderella Finger Puppet Set,For children who love to act out their favourite fairytales
AMZ79BV9237,Safari,Safari 238529 African Elephant Baby Animal Figure,This is the Elephant Calf figure by Safari
AMZ99BV2269,Safari,Dimorphodon,This is the Dimorphodon dinosaur model by safari
AMZ69BV2139,Safari,Safari Mega Toobs Wild 1,With its collection of sea creatures
AMZ99BV1903,My Little Pony,My Little Pony POP Pinkie Pie Figure,Design a pony your way with the Pinkie Pie Style Kit.
AMZ49BV0955,Airfix,Airfix A50009 Battle Front 1:76 Scale Diorama Gift Set,Depicting a scene that is typical of the many meetings of opposing forces in the battles of Northern Europe in 1944
AMZ72BV6427,Airfix,Scalextric C3267A Classic Rally Cross 1:32 Scale Limited Edition Slot Car,Towards the end of the Group B era of Rallycross
AMZ26BV7878,Airfix,Airfix Desert Outpost 1:32 A06381 Model Kit,Airfix 1:32 Desert Outpost Dioramas and Buildings model kit. 
AMZ47BV3432,Airfix,WWII Australian Infantry Set 1:72 Scale,Airfix 1:72 WWII Australian Infantry figure model kit. 
AMZ32BV0133,The House of Puzzles,Big 250 Piece Jigsaw Puzzle Waiting to Cross,House of Puzzles Waiting to Cross Rowan Collection 250 Pieces
AMZ52BV8268,Good Smile Company,Black Rock Shooter: Mato & Yomi Set Wonder Festival 2011 Nendoroid Petite Action Figures,Black Rock Shooter: Mato & Yomi Set Wonder Festival 2011 Nendoroid Petite Action Figures
AMZ49BV1012,Minichamps,Minichamps 1:43 Aston Martin V8 Vantage Roadster 2009,Aston Martin V8 Vantage Roadster 2008 in Silver 1:43 scale by Minichamps 400137430
AMZ46BV5844,Disney Frozen,Disney Frozen 30 inch Singing Plush Doll Anna,This Frozen Anna Plush Doll would make a wonderful playmate for a young fan
AMZ05BV8703,Power Rangers,Chad Valley Family Swim Centre Inflatable Paddling Pool,A great inflatable pool for all the family. 
AMZ17BV2532,Power Rangers,Hot Wheels 1:64 Diecast Power Rangers Megaforce Vehicle Black Ranger Snake Zord,Colour Name:Black Ranger Snake Zord The Power Rangers Zords 
AMZ01BV4712,Power Rangers,Power Rangers Dino Charge T Rex Launcher,Activate the TRex Launcher to watch his eyes change colour. 
AMZ38BV9442,Power Rangers,Childrens Mighty Morphin Power Rangers Figures Twin Pack Blue Ranger & Alpha 5,Take your Power Ranger into battle 
AMZ74BV0572,FANCYDRESSCOZ,60TH BIRTHDAY BADGE FEMALE {NEW SIMON 15CM},15CM BADGE
AMZ29BV3350,FANCYDRESSCOZ,80TH Birthday Bunting UNIQUE NEW PINK,12FT LONG aprox
AMZ57BV1615,FANCYDRESSCOZ,1st communion banner boy bgc blue hol,9FT LONG CAN BE SPLIT IN TO THREE BANNERS
AMZ21BV7768,FANCYDRESSCOZ,4th Birthday Banner Girl {new EXP},9FT LONG BANNER
AMZ89BV1560,Mega Bloks,Mega Bloks 2413 Blok Squad Police Force Chopper 71pc Buildable Playset,Police Block Squad Helicopter
AMZ64BV7749,Mega Bloks,Mega Bloks Hello Kitty Treehouse,Have some outdoor fun with Hello Kitty
AMZ31BV3764,Disney Princess,Disney Princess Sparkle Happy Birthday Foil Banner,Disney Princess Sparkle Happy Birthday Foil Banner
AMZ54BV4599,Disney Princess,Disney Princess Sparkle Party Swirl Hanging Decorations x 6,Disney Princess Sparkle Party Swirl Hanging Decorations x 6
AMZ44BV8724,Disney Princess,Trefl Puzzle a Walk Before The Ball Disney Princess 260Piece,Help to develop problem solving skills with this wonderfully made jigsaw
AMZ70BV8437,Disney Princess,Trademark Collections DPRIN004036 Disney Princess Purse,An ideal first purse for your little one
AMZ82BV6397,Manhattan Toy,Manhattan Toy Rosabella Flamingo Puppet 45cm,This fabulous flamingo is not afraid to strut her stuff 
AMZ87BV1009,Manhattan Toy,Manhattan Toy Groovy Girls Dani Dragonfly from Manhattan Toy,Flutterflies are all the buzz and Dani Dragonfly 
AMZ79BV5632,Dr Who,Doctor Who 2010 Silurian Warrior Alaya,In the fifth series of Doctor Who the Silurians returned. 
AMZ29BV5600,Galt Toys,Galt Toys All Aboard,Two fun games in one with these doublesided playing boards in the shape of vehicles 
AMZ35BV6455,Galt Toys,Galt Toys New Water Magic Farm,Six reusable pictures on thick board to colour with the water pen. Fill the pen with water and use to reveal the hidden pictures.
AMZ22BV9474,Bachmann,Class 47 47365 Diamond Jubilee BR Railfreight Distribution,Class 47 47365 Diamond Jubilee BR Railfreight Distribution
AMZ87BV6206,Bachmann,31465 Bachmann OO Class C Wainwright 060 31579 in BR black with late crest,Suitable for the following scales: OO Scale
AMZ51BV3202,Trumpeter,Trumpeter 07221 AS90 SP Gun 1:72 Plastic Kit,Trumpeter British AS90 SelfPropelled Gun Plastic Model Kit 
AMZ80BV5019,Fiesta,Fiesta Crafts Merlin Hand Puppet,Stories can be made up
AMZ78BV9447,Safari,Safari Toobs Knights and Dragons Miniature Replica Set,Hand Painted detailed animal replicas from Safari Limited
AMZ31BV6341,My Little Pony,My Little Pony Sketch Portfolio Craft Kit,My Little Pony first portfolio
AMZ86BV6332,My Little Pony,12 My Little Pony Party Favours Cupcake Rings Decorations,Each of these fantastic plastic rings is decorated with a charming illustration of a My Little Pony.
AMZ32BV5822,My Little Pony,MY LITTLE PONY MY LITTLE PONY PLUSH 12 INCHES APPLE BLOOM 25 cm,Apple Bloom soft toy
AMZ32BV9117,My Little Pony,My Little Pony Cutie Mark Magic Rainbow Dash Figure,There are lots of My Little Pony Friends for you to collect Rainbow Dash figure comes with a necklace charm
AMZ12BV9901,Airfix,Airfix A06010 Consolidated B24 Liberator 1:72 Scale Series 6 Plastic Model Kit,The Consolidated B24 Liberator was an American heavy bomber
AMZ47BV0039,The House of Puzzles,Deluxe Childrens Jigsaw KidzJigz 80 Piece Fun Jigsaw Puzzle Fun In The Snow,Deluxe Childrens Jigsaw KidzJigz 80 Piece Fun Jigsaw Puzzle Fun In The Snow
AMZ45BV7137,The House of Puzzles,1000 Piece DeLuxe Jigsaw Puzzle This Little Pig,This Little Pig The Saltburn CollectionThis little pig went to market
AMZ61BV1304,The House of Puzzles,1000 Piece Jigsaw Puzzle Counting Sheep,The House of Puzzles is a British designer and manufacturer of high quality jigsaw puzzles. 
AMZ40BV9525,Learning Resources,Learning Resources Mini Muffin Match Up Maths Activity Set,Learning Resources Mini Muffin Match Up Maths Activity Set. This fun
AMZ12BV4545,Expression Factory,Girls 1st Birthday Banner,girl
AMZ85BV2086,Anthony Peters,Giant People Stencils Set of 12,Anthony Peters
AMZ69BV5796,Good Smile Company,Monster Hunter 3G: Male Hunter Swordsman Lagia X Edition Nendoroid Action Figure,Monster Hunter 3G: Male Hunter Swordsman Lagia X Edition Nendoroid Action Figure
AMZ17BV6179,Good Smile Company,Sonic: Action Figure Sonic Nendoroid 4in,Sonic The Hedgehog: Sonic Nendoroid Action Figure Box Contains 1x Sonic: Action Figure Sonic Nendoroid 4in
AMZ42BV6972,Good Smile Company,FateZero: Saber Zero Version Nendoroid Action Figure,From the popular anime series FateZero comes this highly detailed action figure of Saber.
AMZ22BV4053,Minichamps,Jordan Honda EJ11 2001 12 J. Trulli 1:43 Scale Diecast Model,Jordan Honda F1 Team EJ11
AMZ84BV5264,Minichamps,Diecast Model Alfa Romeo Alfetta 1972 in Red,Diecast Model Alfa Romeo Alfetta 1972 in Red
AMZ51BV1669,Power Rangers,Power Rangers Dino Charge Set 1 Dino Charger with Accessory Pack of 2,Included in each pack are two Dino Chargers and one Dino Zord. 
AMZ16BV5353,Dapol,Dapol Model Railway City of Truro Plastic Kit OO Scale 176,Dapol OOHO 1:76 Plastic Model Kit City of Truro City of Truro 
AMZ11BV2484,FANCYDRESSCOZ,Happy 60th Birthday Banner 9FT Long FEMALE OR MALE new s,9 FT LONG
AMZ16BV9600,FANCYDRESSCOZ,Simon Elvin holographic wall party banner happy birthday girl pink female design for any age,9FT LONG CAN BE SPLIT IN TO THREE BANNERS
AMZ97BV8053,Disney Frozen,Disney Frozen Party Hanging Swirl Decorations x 12,Disney Frozen Party Hanging Swirl Decorations x 12
AMZ12BV8721,Disney Frozen,Ravensburger Disney Frozen 3D Puzzle 72 Pieces,Style Name:3D Puzzle72 Pieces Anna
AMZ09BV4723,Disney Princess,Amscan 24inch 60cm Princess Belle Supershape Foil Balloons,Disney Princess Belle is a lovely character
AMZ71BV0659,Disney Princess,2.4m Glamour Disney Princess Happy Birthday Banner,Decorate your Disney birthday party in style with the Disney Princess 
AMZ67BV2113,Moshi Monsters,Moshi Monsters Charmling Series 2 WALDO Charm,Moshi Monsters Charmling. Clips to the Moshi Monsters Charmling Bracelet
AMZ53BV3023,Moshi Monsters,Moshi Monsters Mash Up Trading Cards Tin Game,This brand new Trading Card Game is based on the phenomenally successful online world of MoshiMonsters.com
AMZ47BV2957,Moshi Monsters,Moshi Monsters Blind Bags Series 8,Collect your favourite Moshi Monsters characters. Includes 2 different Moshi collectable figures
AMZ99BV8120,Mega Bloks,Mega Bloks 96911 Halo UNSC Buildable Silver Combat Unit,Prepare to engage inbound Covenant forces with the Mega Bloks Halo Wars UNSC Silver Combat Unit.
AMZ78BV7879,Manhattan Toy,Manhattan Toy Wildlife Collection Elian Elephant,Elian Elephants floppy big ears and long nose will make children laugh. Youll love Elians soft
AMZ37BV1576,Manhattan Toy,Manhattan Toy Groovy Girls Maren,Groovy Girls Maren is the life and soul of the party
AMZ50BV1084,Manhattan Toy,Manhattan Toy Groovy Girls Special Edition Amelia Fashion Doll,Groovy Girl Special Edition Amelia features colourful highlighted hair
AMZ37BV3472,Disney Junior,Jake and The Never Land Pirates Deluxe Adventure Figure Pack,The Ultimate Deluxe adventure pirate pack comes with Jake
AMZ30BV9395,Disney Junior,Jake and The Neverland Pirates Pirate Accessories Set,Become Jake the pirate with this terrific pirate set. Everything you need comes in the treasure chest
AMZ81BV6180,Disney Junior,Jake and The Never Land Pirates Light Up TicTocCroc,Sneak up on Captain Hook with the new Lightup Tick Tock
AMZ09BV9391,Galt Toys,Galt Toys Horrible Histories Secret Scrolls,Create awesome Egyptian scrolls with your own hieroglyphics
AMZ87BV3090,Galt Toys,Galt Toys Express Yourself Shrinking Jewellery,Start with eight fashionable printed designs then draw your own designs on the plastic sheets. 
AMZ11BV5492,Bachmann,Bachmann Class A2 60534 Irish Elegance BR Lined Green Early Emblem,Suitable for the following scales: OO Scale
AMZ28BV7387,Bachmann,Bachmann 35077 Class E4 062 32556 BR Black Early Emblem,Suitable for the following scales: OO Scale
AMZ52BV4282,Bachmann,Bachmann 31137 Class D112 6399 AllanBane LNER Green,Suitable for the following scales: OO Scale
AMZ68BV0746,Bachmann,Bachmann Industries American 440 Locomotive and Tender Santa Fe 91 HO Scale Train Car,Bachmann Industries American 440 Locomotive and Tender Santa Fe 91 HO Scale Train Car 
AMZ61BV0897,Trumpeter,Trumpeter 1:35 Sweden STRV 103B MBT,Trumpeter Swedish Strv103B MBT STank Plastic Model Kit 1:35 Scale 
AMZ86BV7327,Trumpeter,SdKfz 182 King Tiger 2 in 1,Fantastically large 16th scale plastic tank
AMZ89BV5728,Fiesta,Dragon Tellatale Puppet,This dragon will be the perfect match to St George. Box Contains 1 X Hand Puppet
AMZ75BV5374,Safari,Safari 287729 Scutosaurus Wild Safari,This is Scutosaurus dinosaur model by Safari
AMZ38BV6090,Safari,Wild Safari Tapejara Dinosaur Toy,Safari is a family owned company that has been producing hand painted miniatures for three generations.
AMZ29BV0068,Peppa Pig,Peppa Pig: Celebration Foil Balloon 18 inch,Round shaped foil balloon measuring approximately 18 inches 45cm. Foil shiny background with Peppa Pig design
AMZ01BV4219,Peppa Pig,PEPPA PIG 11 Story Latex Balloons Pink & Blue 6 Pack,Original Packaging New Peppa Pig latex balloons to celebrate 10 years of Peppa pig
AMZ80BV9271,Airfix,Airfix A03301 1:76 Scale LCM III Landing Craft & Sherman Tank Military Vehicles Classic Kit Series 3,The Landing Craft Mechanised LCM Mk.III was the most widely used of the LCMs during World War II
AMZ69BV5974,VTech,VTech Switch & Go Dinos: Spur the Stegosaurus,Switch between stegosaurus and car. VTech Switch & Go Dinos: Spur the Stegosaurus Spur the Stegosaurus is powerful
AMZ25BV3971,Learning Resources,Learning Resources Picture Vocabulary Bingo Food,Learning Resources Food Bingo. 
AMZ16BV1840,Learning Resources,Green Toys SPSA1036 My First Shape Sorter,Encourage early skills development with this 100% recycled Shape Sorter toy.
AMZ28BV0408,Learning Resources,Learning Resources In the Barn Farm Counters Set of 24,Learning Resources In the Barn Farm Counters Set of 24.
AMZ29BV1580,Anthony Peters,25mm Polystyrene Spheres Balls Pack of 50,Anthony Peters
AMZ23BV1856,Dapol,Dapol Stanier 57ft Non Corridor Brake Coach OO Gauge Plastic Kit,Dapol OO Gauge Stanier 57ft non corridor brake coach in BR Carmine Red Livery
AMZ29BV2458,Dapol,Dapol 2D020002 London Midland Class 153 371,Suitable for the following scales: N Scale
AMZ72BV7673,Dapol,Dapol Model Railway Schools Class Locomotive Harrow Plastic Kit OO Scale 176,Dapol OO Gauge 1:76 Plastic Model Kit Schools Class Locomotive Harrow
AMZ95BV3522,Dapol,Dapol 4F013005 Gunpowder Van LMS 299031,Suitable for the following scales: OO Scale
AMZ17BV9692,FANCYDRESSCOZ,Fathers day Banner No 1 dad,number one dad 1 banner
AMZ86BV5703,Disney Frozen,Frozen Olaf Puzzle 104 Pieces,Frozen 104pc Olaf Puzzle Box Contains 1 x 104 puzzle pieces
AMZ36BV9314,Disney Princess,Anker Princess Play Pack,1x Princess Play Pack Box Contains 1 x Princess Play Pack
AMZ11BV6142,Disney Princess,Disney Princess Favorite Moment Tianas Royal Chariot,Small chariot for 3 Disney figurines
AMZ87BV5429,Disney Princess,SES Disney Princess IronOn Beads,This highquality set contains a selection of brightlycoloured beads and two pegboards ready to make the beautiful Disney Princesses
AMZ22BV7300,Moshi Monsters,Moshi Monsters Series 5 Prickles Moshling Figure,Moshi Monsters Series 5 Moshling. Brand New.
AMZ10BV8707,Moshi Monsters,Moshi Monsters Moshling Habitats Beasties Jungle Hut,Welcome to Moshi Monsters.
AMZ96BV0651,Moshi Monsters,Moshi Monsters Double Tier Pencil Case Filled,Brightly coloured fully licensed Moshi Monster Double Tier Filled Pencil Case. Zip around pencil case on 2 tiers containing a ruler
AMZ51BV8224,Moshi Monsters,Moshi Monsters Food Factory Candy Floss Machine,Take your Moshlings for a spin with the GOOpendous Food Factory Candy Floss Machine Includes exclusive Dipsy in metallic finish. 
AMZ92BV5956,Mega Bloks,Mega Bloks Moshi Monsters Advent Calendar,The Moshi Monsters are ready to party their way to the holidays with the Moshi Monsters Advent Calendar from Mega Bloks. 
AMZ39BV1016,Mega Bloks,Mega Bloks Halo Spartan IV Battle Pack,Enhance your Halo army with the Mega Bloks Halo Spartan IV Battle Pack. 
AMZ76BV1634,Mega Bloks,Mega Bloks The Amazing SpiderMan SpiderMan Techbot,Build
AMZ20BV8893,Manhattan Toy,Manhattan Toy Fraggle Rock Gobo Hand Puppet,For over 25 years Fraggle Rock has entertained fans all around the world with music and humour.
AMZ22BV1666,Manhattan Toy,Manhattan Toy Groovy Girls Princess Dahlia,Princess Dahlia is beaming with vibrant summer colours. Her floral pattern dress
AMZ20BV5353,Manhattan Toy,Manhattan Toy Groovy Girls Maddie Mermaid Doll,Meet Maddie Mermaid
AMZ77BV7533,Disney Junior,Amscan Minnie Pink Add Age Letter Banner,As one of Amscan Internationals most popular lines you can rest assured the product will be of high quality
AMZ93BV6971,Disney Junior,Jake and The Never Land Pirates Yoho Lets Go Talking Figure,Take Jake along on to adventure to find hidden treasure and fight off Captain Hook
AMZ90BV0800,Dr Who,Doctor Who 12.5cm Figure The Astronaut,Dr Who Series 6 The Astronaut Figure. 5 highly detailed poseable figure. Comes with sealed packet of The Flesh Goo
AMZ09BV2947,Dr Who,Doctor Who Battles in Time Ultimate Monsters Trading Cards SEALED box of 32 packs as issued rrp 48,Dr Doctor Who Battles In Time Ultimate Monsters Collectable Trading Cards Sealed Box Of 32 Packs. 
AMZ11BV6477,Dr Who,Doctor Who Clara Oswald Card Face Mask,High Quality Card Face Mask You & your friends can become a Doctor Who character for the night
AMZ71BV8865,Galt Toys,Galt Toys Animal Pop Beads,Ideal first jewellery set with pop beads that simply snap together to create colourful bracelets and necklaces with no thread required
AMZ95BV1588,Galt Toys,Galt Toys Girl Club Charm Jewellery,Everything you need to make cool jewellery with 18 metal charms. 
AMZ42BV1181,Bachmann,Modified Hall 6988 Swithland Hall BR Lined Green Late Crest cw Collett tender,Modified Hall 6988 Swithland Hall BR Lined Green Late Crest cw Collett tender
AMZ03BV2242,Trumpeter,1964 Ford Falcon Sprint Hard Top,Trumpeter 1:25 64 Ford Falcon Sprint Hardtop TRU02507
AMZ70BV2407,Trumpeter,Trumpeter 135 Strv 103 Early Workable Track links 02055,Trumpeter Track Set 1:35 Strv103 Swedish Tank TRU02055
AMZ27BV0858,Trumpeter,Trumpeter 1:35 Type 82 JASDF 6x6 Command Post,Trumpeter 1:35 Type 82 JASDF 6x6 Command Post TRU00326
AMZ86BV2132,Fiesta,Fiesta Crafts Jester Hand Puppet,Stories can be made up
AMZ39BV8260,Fiesta,Fiesta Crafts Triceratops Hand Puppet,Nothing sparks a childs imagination more than a traditional puppet
AMZ43BV5821,Fiesta,60 Inch Wild West Mexican Fiesta Feliz Cumpleanos Birthday Party Giant Wall Banner,Each of these fantastic banners is approximately 60 x 27 in size and features the message Feliz Cumpleanos Happy Birthday in Spanish
AMZ77BV1701,Fiesta,Fiesta Crafts Prince Hand Puppet,Stories can be made up
AMZ49BV2025,Peppa Pig,Peppa Pig Holiday Time Figure Pack of 5,Peppa Pig collectable five pack of figures in the classic style or the muddy puddle style. 
AMZ18BV9702,Peppa Pig,Peppa Pig Holiday Time Grandpa Pigs Boat,Join Peppa and George on Grandpas holiday boat and sail the high seas.
AMZ74BV8324,Peppa Pig,Peppa Pig Jumbolino Game,Peppa Pig is loved by preschool children who watch her adventures on television. 
AMZ08BV6907,My Little Pony,My Little Pony Crystal Princess Celebration: Pinkie Pie,It time for a special celebration
AMZ79BV4326,Airfix,Airfix A50110 Aston Martin DBR9 Gulf 1:32 Scale Model Large Starter Set,The two Gulf Aston Martin DBR9s performed superbly in the 2008 Le Mans race. Car 009
AMZ56BV5505,VTech,VTech Switch & Go Dinos: Zipp the TRex,Switch between Trex and car. Meet Zipp the TRex 
AMZ38BV7213,Learning Resources,Learning Resources Gears Gears Gears Safari Express Motorized Set,Learning Resources Gears Gears Gears Safari Express Motorized Set
AMZ69BV7063,Learning Resources,Learning Resources Smart Snacks Stack em Up Doughnuts,Learning Resources Smart Snacks Stack em Up Doughnuts. 
AMZ41BV8358,Expression Factory,80th birthday badge for male or female,15cm wide
AMZ30BV5198,Good Smile Company,Nendoroid Golden Darkness 10 cm PVC Figure Good Smile Company,To Love Ru: Golden Darkness Nendoroid Action Figure
AMZ47BV8081,Good Smile Company,Accel World Kuroyukihime 18 Scale PVC Figure japan import,Scale 18 Model JUL131956 No battery use The main material PVC From the anime Accel World
AMZ65BV1438,Good Smile Company,Hozuki no Reitetsu Nendoroid Hozuki Action Figure,Hozuki no Reitetsu Hozuki Nendoroid Action Figure
AMZ40BV9706,Minichamps,Porsche 911 Carrera 4S in red 2008 1:64 scale model,Rubyred MetallicManufacturer: MinichampsScale: 1:64Die CastIncl.
AMZ70BV5238,Minichamps,Honda RC212V Dani Pedrosa MotoGP 2008 in Repsol Livery 1:12 scale Diecast Model Motorbike,Minichamps 1:12 Honda RC212 V Team Repsol Honda 2008 as riden by Daniel Pedrosa
AMZ91BV9301,Minichamps,Lotus Esprit S1 The Spy who Loved Me 1:43 Minichamps Diecast James Bond Car,Minichamps offer a variety of models in various scales from the major automotive manufacturers of the world
AMZ65BV9670,Disney Frozen,Frozen Signature Collection Anna and Elsa Dolls,Celebrate sisterhood with Anna and Elsa from Disneys Frozen 
AMZ00BV7982,Disney Frozen,Disney Frozen Sing A Long Elsa Doll,Its fun to sing Frozens Let it Go but its even better when youve got Elsa by your side
AMZ76BV3582,Power Rangers,Power Rangers Dino Charge 12.5 cm Villain Zorima Action Figure,This 12.5cm Action Figure has cool Dino Charge style
AMZ22BV2051,Power Rangers,Power Rangers Dino Charge 30 cm Blue Ranger Figure,The Power Rangers Dino Charge Rangers are bigger and better than ever on a 30cm 
AMZ98BV1566,Dapol,Dapol B800 Motorised Track Cleaning Wagon,Suitable for the following scales: HO Scale OO Scale
AMZ53BV9825,Dapol,Dapol Model Railway BR Mogul Class Locomotive Plastic Kit OO Scale 176,Dapol OO Gauge 1:76 Plastic Model Kit British Railways Mogul Class 260 Steam Locomotive
AMZ13BV8792,FANCYDRESSCOZ,40TH Birthday Bunting UNIQUE NEW BLACK,12FT LONG aprox
AMZ35BV9428,FANCYDRESSCOZ,Happy 40th Birthday Banner FEMALE Fab new B,9 FT LONG
AMZ29BV8355,Disney Princess,Ravensburger Disney Princess Mandala Designer,Mandala Designer stencils can be used to decorate just about anything from photo frames to jewellery boxes
AMZ59BV7613,Moshi Monsters,Moshi Monsters Series 3 Moshling ROLAND JONES,Moshi Monsters Series 3 Moshling ROLAND JONES
AMZ90BV8664,Mega Bloks,Mega Bloks Halo Promethean Warriors,Now you can wield their advanced technology with the Promethean Warriors by Mega Bloks Halo.
AMZ92BV3893,Manhattan Toy,Manhattan Toy Finger Puppet Box Set A Day at The Castle,A wonderful gift
AMZ03BV1348,Manhattan Toy,Manhattan Toy Groovy Girls Lana Ladybird Doll,Lana is as cute as a bug in this styling red
AMZ40BV3527,Manhattan Toy,Manhattan Toy Groovy Girls Princess Isabella Doll,Meet Princess Isabella
AMZ72BV1528,Manhattan Toy,Manhattan Toy Groovy Girls Lakinzie Doll,Glamorous all around
AMZ69BV6548,Disney Junior,Doc Mcstuffins Electronic Guitar,Have loads of fun with this fun sound efects guitar inspired by Doc Mcstuffin the hit new disney charector.
AMZ01BV3777,Disney Junior,Ravensburger Doc McStuffins Pack of 4,Six year old Dotti wants to be a doctor like her mother
AMZ32BV2789,Disney Junior,Doc McStuffins Scrubs Role Play Set,Dottie Doc McStuffins
AMZ92BV9773,Disney Junior,Jake and The Never Land Pirates Pirate Rock Guitar,The guitar takes Pirate Rock to a whole new level.
AMZ18BV7217,Disney Junior,Jake and The Never Land Pirates Hooks Jolly Roger Pirate Ship,Features captains chair
AMZ49BV1854,Disney Junior,Ravensburger Sofia The First Dominoes,This classic picture matching game has had a Sofia the First makeover
AMZ22BV8348,Dr Who,Doctor Who Empty Child Card Face Mask,High Quality Card Face Mask You & your friends can become a Doctor Who character for the night
AMZ50BV0965,Dr Who,Doctor Who 5 inch Action Figure Smiler,The SMiler 5 inch action figure
AMZ18BV0941,Dr Who,Doctor Who Interactive Cyberman Attack,Doctor Who Interactive Cyberman Attack
AMZ42BV1006,Galt Toys,Galt Toys Pirate Pursuit,A pirate track game with a windup pirate galleon to sail around the treasure island
AMZ73BV8511,Galt Toys,Galt Toys Party Kit,Everything you need for a party. Apply tattoos
AMZ50BV0985,Galt Toys,Galt Toys Gone Shopping,Two fun memory games in one for 2 to 4 players. Go shopping with a different list each time
AMZ30BV3975,Bachmann,Bachmann 37662 14 Ton Tank Wagon Pease & Partners Red,Suitable for the following scales: OO Scale
AMZ34BV8501,Bachmann,Bachmann 31528A Class A2 60529 Pearl Diver BR Lined Green Late Crest,Suitable for the following scales: OO ScaleDetails:DCC Type: 21 Pin DCC ReadyLivery:
AMZ22BV8785,Bachmann,Bachmann Williams BAC77028 Ho Thomas & Friends Henrietta,Bachmann Trains Thomas & Friends HENRIETTA. 
AMZ94BV7563,Bachmann,Bachmann Thomas The Tank Gordon HO 00 Electric Train,Bachmann Trains Thomas & Friends GORDON THE EXPRESS ENGINE Locomotive wMoving Eyes. 
AMZ51BV7304,Trumpeter,Trumpeter 1:16 T3476 Model 1942,Trumpeter 1:16 T3476 Model 1942 TRU00905
AMZ48BV7691,Trumpeter,Trumpeter 135 2S19 152mm SelfPropelled Howitzer 05574,Trumpeter 1:35 Russian 2S19 152mm SelfPropelled Howitzer TRU05574
AMZ18BV0069,Fiesta,Fiesta Crafts Red Dragon Hand Puppet,Stories can be made up
AMZ51BV3820,Fiesta,Fiesta Crafts Pirate Hand Puppet,Stories can be made up
AMZ83BV1407,Fiesta,Fiesta Crafts White Boy Moving Mouth Hand Puppet,These embroidered puppets make the ideal friends and with their soft
AMZ91BV0918,Safari,Safari Toobs Feathered Dinos Miniature Replica Set,Hand Painted detailed animal replicas from Safari Limited
AMZ36BV6124,Safari,Safari Carnegie Microraptor,For over 25 years
AMZ29BV4552,Peppa Pig,Peppa Pig Reward Sticker Pack Stickers Only Reusable {Sticker Style},Sheet of 15 Peppa Pig Reward Stickers
